{"sections":{"rich_text":{"type":"rich-text","disabled":true,"blocks":{"21e8e55a-54a2-4d2a-8b72-a6c93409244d":{"type":"text","settings":{"text":"<p><\/p><p>An, “A to Z” country boutique store, that's saving the world one dumpster dive at a time! <\/p><p>The idea was born out of necessity and love, by two reformed hippies. <\/p><p>You will find almost anything and everything here at Hoarders Hutch. <\/p><p>There is never a lack of American spirit and pride so <\/p><p>browse our open market for personal <\/p><p><\/p><p>dives and picks.<\/p>"}}},"block_order":["21e8e55a-54a2-4d2a-8b72-a6c93409244d"],"settings":{"desktop_content_position":"right","content_alignment":"left","color_scheme":"background-1","full_width":true,"padding_top":16,"padding_bottom":40}},"featured_collection":{"type":"featured-collection","settings":{"title":"Featured products","heading_size":"h2","description":"","show_description":false,"description_style":"body","collection":"all","products_to_show":8,"columns_desktop":4,"full_width":false,"show_view_all":true,"view_all_style":"solid","enable_desktop_slider":false,"color_scheme":"background-1","image_ratio":"adapt","show_secondary_image":true,"show_vendor":false,"show_rating":false,"enable_quick_add":false,"columns_mobile":"2","swipe_on_mobile":false,"padding_top":28,"padding_bottom":36}},"collage":{"type":"collage","blocks":{"collection-0":{"type":"collection","settings":{"collection":""}},"product":{"type":"product","settings":{"product":"","second_image":false}},"collection-1":{"type":"collection","settings":{"collection":""}}},"block_order":["collection-0","product","collection-1"],"settings":{"heading":"Multimedia collage","heading_size":"h2","desktop_layout":"left","mobile_layout":"collage","card_styles":"product-card-wrapper","color_scheme":"background-1","padding_top":36,"padding_bottom":36}},"video":{"type":"video","settings":{"heading":"","heading_size":"h1","video_url":"https:\/\/www.youtube.com\/watch?v=_9VUPq3SxOc","description":"","full_width":false,"color_scheme":"background-1","padding_top":36,"padding_bottom":36}},"multicolumn":{"type":"multicolumn","blocks":{"column1":{"type":"column","settings":{"title":"Column","text":"<p>Pair text with an image to focus on your chosen product, collection, or blog post. Add details on availability, style, or even provide a review.<\/p>","link_label":"","link":""}},"column2":{"type":"column","settings":{"title":"Column","text":"<p>Pair text with an image to focus on your chosen product, collection, or blog post. Add details on availability, style, or even provide a review.<\/p>","link_label":"","link":""}},"column3":{"type":"column","settings":{"title":"Column","text":"<p>Pair text with an image to focus on your chosen product, collection, or blog post. Add details on availability, style, or even provide a review.<\/p>","link_label":"","link":""}}},"block_order":["column1","column2","column3"],"settings":{"title":"","heading_size":"h1","image_width":"third","image_ratio":"adapt","columns_desktop":3,"column_alignment":"center","background_style":"none","button_label":"","button_link":"","color_scheme":"background-1","columns_mobile":"1","swipe_on_mobile":false,"padding_top":36,"padding_bottom":36}}},"order":["rich_text","featured_collection","collage","video","multicolumn"]}